[{"model": "quizapp.category", "pk": 1, "fields": {"name": "HTML"}}, {"model": "quizapp.category", "pk": 2, "fields": {"name": "CSS"}}, {"model": "quizapp.category", "pk": 3, "fields": {"name": "Django"}}, {"model": "quizapp.category", "pk": 4, "fields": {"name": "JavaScript"}}, {"model": "quizapp.category", "pk": 5, "fields": {"name": "SQL"}}, {"model": "quizapp.category", "pk": 6, "fields": {"name": "Git and GitHub"}}, {"model": "quizapp.category", "pk": 7, "fields": {"name": "Git"}}, {"model": "quizapp.quiz", "pk": 1, "fields": {"category": 1, "name": "HTML Basics", "description": "", "created": "2025-07-18T09:14:28.166Z"}}, {"model": "quizapp.quiz", "pk": 2, "fields": {"category": 2, "name": "CSS Basics", "description": "", "created": "2025-07-18T09:14:35.429Z"}}, {"model": "quizapp.quiz", "pk": 3, "fields": {"category": 3, "name": "Django programming", "description": "", "created": "2025-07-18T09:14:43.734Z"}}, {"model": "quizapp.quiz", "pk": 4, "fields": {"category": 4, "name": "React.js", "description": "", "created": "2025-07-18T09:14:50.851Z"}}, {"model": "quizapp.quiz", "pk": 5, "fields": {"category": 5, "name": "Introduction to SQL", "description": "", "created": "2025-08-04T16:14:52.330Z"}}, {"model": "quizapp.quiz", "pk": 6, "fields": {"category": 7, "name": "Git and GitHub", "description": "", "created": "2025-08-04T16:22:34.709Z"}}, {"model": "quizapp.question", "pk": 1, "fields": {"quiz": 1, "question_text": "What is the full form of HTML?"}}, {"model": "quizapp.question", "pk": 2, "fields": {"quiz": 1, "question_text": "Which tag is used to create a hyperlink in HTML?"}}, {"model": "quizapp.question", "pk": 3, "fields": {"quiz": 1, "question_text": "What does the <!DOCTYPE html> declaration do?"}}, {"model": "quizapp.question", "pk": 4, "fields": {"quiz": 1, "question_text": "Which of the following is a correct characteristic of HTML?"}}, {"model": "quizapp.question", "pk": 5, "fields": {"quiz": 1, "question_text": "Which tag is used to display an image in HTML?"}}, {"model": "quizapp.question", "pk": 6, "fields": {"quiz": 2, "question_text": "What does CSS stand for?"}}, {"model": "quizapp.question", "pk": 8, "fields": {"quiz": 2, "question_text": "What is the purpose of CSS?"}}, {"model": "quizapp.question", "pk": 9, "fields": {"quiz": 2, "question_text": "How can you apply CSS to a web page?"}}, {"model": "quizapp.question", "pk": 10, "fields": {"quiz": 2, "question_text": "Which symbol is used to select a class in CSS?"}}, {"model": "quizapp.question", "pk": 11, "fields": {"quiz": 2, "question_text": "What is the correct way to change the text color of an element in CSS?"}}, {"model": "quizapp.question", "pk": 12, "fields": {"quiz": 3, "question_text": "What is Django?"}}, {"model": "quizapp.question", "pk": 13, "fields": {"quiz": 3, "question_text": "Which file contains the settings for a Django project?"}}, {"model": "quizapp.question", "pk": 14, "fields": {"quiz": 3, "question_text": "What is the purpose of models.py in Django?"}}, {"model": "quizapp.question", "pk": 15, "fields": {"quiz": 3, "question_text": "Which command is used to create a new Django project?"}}, {"model": "quizapp.question", "pk": 16, "fields": {"quiz": 3, "question_text": "What does makemigrations do?"}}, {"model": "quizapp.question", "pk": 17, "fields": {"quiz": 4, "question_text": "What is React?"}}, {"model": "quizapp.question", "pk": 18, "fields": {"quiz": 4, "question_text": "Who developed React?"}}, {"model": "quizapp.question", "pk": 19, "fields": {"quiz": 4, "question_text": "What is a component in React?"}}, {"model": "quizapp.question", "pk": 20, "fields": {"quiz": 4, "question_text": "How do you create a function component in React?"}}, {"model": "quizapp.question", "pk": 21, "fields": {"quiz": 4, "question_text": "Which hook is used to manage state in a function component?"}}, {"model": "quizapp.question", "pk": 22, "fields": {"quiz": 5, "question_text": "Which SQL statement is used to retrieve data from a table?"}}, {"model": "quizapp.question", "pk": 23, "fields": {"quiz": 5, "question_text": "What does the WHERE clause do in a SQL query?"}}, {"model": "quizapp.question", "pk": 24, "fields": {"quiz": 5, "question_text": "Which keyword removes duplicate rows in the result set?"}}, {"model": "quizapp.question", "pk": 25, "fields": {"quiz": 5, "question_text": "How do you sort the results in ascending order?"}}, {"model": "quizapp.question", "pk": 26, "fields": {"quiz": 5, "question_text": "Which SQL command is used to insert new data into a table?"}}, {"model": "quizapp.question", "pk": 27, "fields": {"quiz": 6, "question_text": "Which command initializes a new Git repository?"}}, {"model": "quizapp.question", "pk": 28, "fields": {"quiz": 6, "question_text": "Which command stages files for commit?"}}, {"model": "quizapp.question", "pk": 29, "fields": {"quiz": 6, "question_text": "What does git commit -m \"message\" do?"}}, {"model": "quizapp.question", "pk": 30, "fields": {"quiz": 6, "question_text": "Which file should you use to ignore files in a Git project?"}}, {"model": "quizapp.question", "pk": 31, "fields": {"quiz": 6, "question_text": "Which command uploads local changes to GitHub?"}}, {"model": "quizapp.answer", "pk": 1, "fields": {"question": 1, "answer_text": "Hyper talk mark lang", "is_correct": false}}, {"model": "quizapp.answer", "pk": 2, "fields": {"question": 1, "answer_text": "Hyper text markup language", "is_correct": true}}, {"model": "quizapp.answer", "pk": 3, "fields": {"question": 1, "answer_text": "Hyper marking languages", "is_correct": false}}, {"model": "quizapp.answer", "pk": 4, "fields": {"question": 2, "answer_text": "<table>", "is_correct": false}}, {"model": "quizapp.answer", "pk": 5, "fields": {"question": 2, "answer_text": "<a>", "is_correct": true}}, {"model": "quizapp.answer", "pk": 6, "fields": {"question": 2, "answer_text": "<h1>", "is_correct": false}}, {"model": "quizapp.answer", "pk": 7, "fields": {"question": 3, "answer_text": "It links the HTML file to a CSS file", "is_correct": false}}, {"model": "quizapp.answer", "pk": 8, "fields": {"question": 3, "answer_text": "It tells the browser to use the latest version of HTML", "is_correct": true}}, {"model": "quizapp.answer", "pk": 9, "fields": {"question": 3, "answer_text": "It adds metadata to the HTML document", "is_correct": false}}, {"model": "quizapp.answer", "pk": 10, "fields": {"question": 4, "answer_text": "It is a programming language", "is_correct": false}}, {"model": "quizapp.answer", "pk": 11, "fields": {"question": 4, "answer_text": "It is case sensitive", "is_correct": false}}, {"model": "quizapp.answer", "pk": 12, "fields": {"question": 4, "answer_text": "It uses tags to define elements", "is_correct": true}}, {"model": "quizapp.answer", "pk": 13, "fields": {"question": 5, "answer_text": "<img>", "is_correct": true}}, {"model": "quizapp.answer", "pk": 14, "fields": {"question": 5, "answer_text": "<ul>", "is_correct": false}}, {"model": "quizapp.answer", "pk": 15, "fields": {"question": 5, "answer_text": "<td>", "is_correct": false}}, {"model": "quizapp.answer", "pk": 16, "fields": {"question": 6, "answer_text": "Casecading Style sheet", "is_correct": true}}, {"model": "quizapp.answer", "pk": 17, "fields": {"question": 6, "answer_text": "Creative Style Sheets", "is_correct": false}}, {"model": "quizapp.answer", "pk": 18, "fields": {"question": 6, "answer_text": "Colorful Style Syntax", "is_correct": false}}, {"model": "quizapp.answer", "pk": 19, "fields": {"question": 8, "answer_text": "To create database connections", "is_correct": false}}, {"model": "quizapp.answer", "pk": 20, "fields": {"question": 8, "answer_text": "To style and layout HTML elements", "is_correct": true}}, {"model": "quizapp.answer", "pk": 21, "fields": {"question": 8, "answer_text": "To handle user input", "is_correct": false}}, {"model": "quizapp.answer", "pk": 22, "fields": {"question": 9, "answer_text": "Only by writing inside the HTML file", "is_correct": false}}, {"model": "quizapp.answer", "pk": 23, "fields": {"question": 9, "answer_text": "Using internal, external, or inline styles", "is_correct": true}}, {"model": "quizapp.answer", "pk": 24, "fields": {"question": 9, "answer_text": "Only by using an external file", "is_correct": false}}, {"model": "quizapp.answer", "pk": 25, "fields": {"question": 10, "answer_text": "#", "is_correct": false}}, {"model": "quizapp.answer", "pk": 26, "fields": {"question": 10, "answer_text": "@", "is_correct": false}}, {"model": "quizapp.answer", "pk": 27, "fields": {"question": 10, "answer_text": ".", "is_correct": true}}, {"model": "quizapp.answer", "pk": 28, "fields": {"question": 11, "answer_text": "text-color: red;", "is_correct": false}}, {"model": "quizapp.answer", "pk": 29, "fields": {"question": 11, "answer_text": "font-color: red;", "is_correct": false}}, {"model": "quizapp.answer", "pk": 30, "fields": {"question": 11, "answer_text": "color: red;", "is_correct": true}}, {"model": "quizapp.answer", "pk": 31, "fields": {"question": 12, "answer_text": "A database", "is_correct": false}}, {"model": "quizapp.answer", "pk": 32, "fields": {"question": 12, "answer_text": "A programming language", "is_correct": false}}, {"model": "quizapp.answer", "pk": 33, "fields": {"question": 12, "answer_text": "A web framework for Python", "is_correct": true}}, {"model": "quizapp.answer", "pk": 34, "fields": {"question": 13, "answer_text": "settings.py", "is_correct": true}}, {"model": "quizapp.answer", "pk": 35, "fields": {"question": 13, "answer_text": "urls.py", "is_correct": false}}, {"model": "quizapp.answer", "pk": 36, "fields": {"question": 13, "answer_text": "models.py", "is_correct": false}}, {"model": "quizapp.answer", "pk": 37, "fields": {"question": 14, "answer_text": "To define HTML pages", "is_correct": false}}, {"model": "quizapp.answer", "pk": 38, "fields": {"question": 14, "answer_text": "To define database structure", "is_correct": true}}, {"model": "quizapp.answer", "pk": 39, "fields": {"question": 14, "answer_text": "To handle static files", "is_correct": false}}, {"model": "quizapp.answer", "pk": 40, "fields": {"question": 15, "answer_text": "django-admin startapp", "is_correct": false}}, {"model": "quizapp.answer", "pk": 41, "fields": {"question": 15, "answer_text": "django-admin startproject", "is_correct": true}}, {"model": "quizapp.answer", "pk": 42, "fields": {"question": 15, "answer_text": "python manage.py migrate", "is_correct": false}}, {"model": "quizapp.answer", "pk": 43, "fields": {"question": 16, "answer_text": "Applies migrations to the database", "is_correct": false}}, {"model": "quizapp.answer", "pk": 44, "fields": {"question": 16, "answer_text": "Creates new migrations based on model changes", "is_correct": true}}, {"model": "quizapp.answer", "pk": 45, "fields": {"question": 16, "answer_text": "Deletes all migrations", "is_correct": false}}, {"model": "quizapp.answer", "pk": 46, "fields": {"question": 17, "answer_text": "A JavaScript library for building user interfaces", "is_correct": true}}, {"model": "quizapp.answer", "pk": 47, "fields": {"question": 17, "answer_text": "A CSS framework", "is_correct": false}}, {"model": "quizapp.answer", "pk": 48, "fields": {"question": 17, "answer_text": "A backend framework", "is_correct": false}}, {"model": "quizapp.answer", "pk": 49, "fields": {"question": 18, "answer_text": "Google", "is_correct": false}}, {"model": "quizapp.answer", "pk": 50, "fields": {"question": 18, "answer_text": "Facebook", "is_correct": true}}, {"model": "quizapp.answer", "pk": 51, "fields": {"question": 18, "answer_text": "Microsoft", "is_correct": false}}, {"model": "quizapp.answer", "pk": 52, "fields": {"question": 19, "answer_text": "A reusable piece of UI", "is_correct": true}}, {"model": "quizapp.answer", "pk": 53, "fields": {"question": 19, "answer_text": "A database", "is_correct": false}}, {"model": "quizapp.answer", "pk": 54, "fields": {"question": 19, "answer_text": "A server", "is_correct": false}}, {"model": "quizapp.answer", "pk": 55, "fields": {"question": 20, "answer_text": "function MyComponent() { return <h1>Hello</h1>; }", "is_correct": true}}, {"model": "quizapp.answer", "pk": 56, "fields": {"question": 20, "answer_text": "component MyComponent() {}", "is_correct": false}}, {"model": "quizapp.answer", "pk": 57, "fields": {"question": 20, "answer_text": "React.createComponent()", "is_correct": false}}, {"model": "quizapp.answer", "pk": 58, "fields": {"question": 21, "answer_text": "useProps()", "is_correct": false}}, {"model": "quizapp.answer", "pk": 59, "fields": {"question": 21, "answer_text": "useClass()", "is_correct": false}}, {"model": "quizapp.answer", "pk": 60, "fields": {"question": 21, "answer_text": "useState()", "is_correct": true}}, {"model": "quizapp.answer", "pk": 61, "fields": {"question": 22, "answer_text": "SELECT", "is_correct": true}}, {"model": "quizapp.answer", "pk": 62, "fields": {"question": 22, "answer_text": "FETCH", "is_correct": false}}, {"model": "quizapp.answer", "pk": 63, "fields": {"question": 22, "answer_text": "GET", "is_correct": false}}, {"model": "quizapp.answer", "pk": 64, "fields": {"question": 23, "answer_text": "Joins two tables", "is_correct": false}}, {"model": "quizapp.answer", "pk": 65, "fields": {"question": 23, "answer_text": "Filters the rows returned", "is_correct": true}}, {"model": "quizapp.answer", "pk": 66, "fields": {"question": 23, "answer_text": "Sorts the results", "is_correct": false}}, {"model": "quizapp.answer", "pk": 67, "fields": {"question": 24, "answer_text": "DISTINCT", "is_correct": true}}, {"model": "quizapp.answer", "pk": 68, "fields": {"question": 24, "answer_text": "UNIQUE", "is_correct": false}}, {"model": "quizapp.answer", "pk": 69, "fields": {"question": 24, "answer_text": "DELETE", "is_correct": false}}, {"model": "quizapp.answer", "pk": 70, "fields": {"question": 25, "answer_text": "SORT column_name", "is_correct": false}}, {"model": "quizapp.answer", "pk": 71, "fields": {"question": 25, "answer_text": "ORDER BY column_name ASC", "is_correct": true}}, {"model": "quizapp.answer", "pk": 72, "fields": {"question": 25, "answer_text": "ORDER column_name", "is_correct": false}}, {"model": "quizapp.answer", "pk": 73, "fields": {"question": 26, "answer_text": "INSERT INTO", "is_correct": true}}, {"model": "quizapp.answer", "pk": 74, "fields": {"question": 26, "answer_text": "ADD DATA", "is_correct": false}}, {"model": "quizapp.answer", "pk": 75, "fields": {"question": 26, "answer_text": "CREATE ROW", "is_correct": false}}, {"model": "quizapp.answer", "pk": 76, "fields": {"question": 27, "answer_text": "git start", "is_correct": false}}, {"model": "quizapp.answer", "pk": 77, "fields": {"question": 27, "answer_text": "git new", "is_correct": false}}, {"model": "quizapp.answer", "pk": 78, "fields": {"question": 27, "answer_text": "git init", "is_correct": true}}, {"model": "quizapp.answer", "pk": 79, "fields": {"question": 28, "answer_text": "git add", "is_correct": true}}, {"model": "quizapp.answer", "pk": 80, "fields": {"question": 28, "answer_text": "git stage", "is_correct": false}}, {"model": "quizapp.answer", "pk": 81, "fields": {"question": 28, "answer_text": "git status", "is_correct": false}}, {"model": "quizapp.answer", "pk": 82, "fields": {"question": 29, "answer_text": "Commits changes with a message", "is_correct": true}}, {"model": "quizapp.answer", "pk": 83, "fields": {"question": 29, "answer_text": "Pulls code from GitHub", "is_correct": false}}, {"model": "quizapp.answer", "pk": 84, "fields": {"question": 29, "answer_text": "Deletes changes", "is_correct": false}}, {"model": "quizapp.answer", "pk": 85, "fields": {"question": 30, "answer_text": "nogit.txt", "is_correct": false}}, {"model": "quizapp.answer", "pk": 86, "fields": {"question": 30, "answer_text": "ignore.txt", "is_correct": false}}, {"model": "quizapp.answer", "pk": 87, "fields": {"question": 30, "answer_text": ".gitignore", "is_correct": true}}, {"model": "quizapp.answer", "pk": 88, "fields": {"question": 31, "answer_text": "git push", "is_correct": true}}, {"model": "quizapp.answer", "pk": 89, "fields": {"question": 31, "answer_text": "git sync", "is_correct": false}}, {"model": "quizapp.answer", "pk": 90, "fields": {"question": 31, "answer_text": "git upload", "is_correct": false}}, {"model": "admin.logentry", "pk": 1, "fields": {"action_time": "2025-07-18T09:13:42.007Z", "user": 2, "content_type": 1, "object_id": "1", "object_repr": "HTML", "action_flag": 1, "change_message": "[{\"added\": {}}]"}}, {"model": "admin.logentry", "pk": 2, "fields": {"action_time": "2025-07-18T09:13:45.737Z", "user": 2, "content_type": 1, "object_id": "2", "object_repr": "CSS", "action_flag": 1, "change_message": "[{\"added\": {}}]"}}, {"model": "admin.logentry", "pk": 3, "fields": {"action_time": "2025-07-18T09:13:56.273Z", "user": 2, "content_type": 1, "object_id": "3", "object_repr": "Django", "action_flag": 1, "change_message": "[{\"added\": {}}]"}}, {"model": "admin.logentry", "pk": 4, "fields": {"action_time": "2025-07-18T09:14:04.319Z", "user": 2, "content_type": 1, "object_id": "4", "object_repr": "JavaSc", "action_flag": 1, "change_message": "[{\"added\": {}}]"}}, {"model": "admin.logentry", "pk": 5, "fields": {"action_time": "2025-07-18T09:14:11.747Z", "user": 2, "content_type": 1, "object_id": "4", "object_repr": "JavaScript", "action_flag": 2, "change_message": "[{\"changed\": {\"fields\": [\"Name\"]}}]"}}, {"model": "admin.logentry", "pk": 6, "fields": {"action_time": "2025-07-18T09:14:28.171Z", "user": 2, "content_type": 2, "object_id": "1", "object_repr": "HTML Basics", "action_flag": 1, "change_message": "[{\"added\": {}}]"}}, {"model": "admin.logentry", "pk": 7, "fields": {"action_time": "2025-07-18T09:14:35.432Z", "user": 2, "content_type": 2, "object_id": "2", "object_repr": "CSS Basics", "action_flag": 1, "change_message": "[{\"added\": {}}]"}}, {"model": "admin.logentry", "pk": 8, "fields": {"action_time": "2025-07-18T09:14:43.736Z", "user": 2, "content_type": 2, "object_id": "3", "object_repr": "Django programming", "action_flag": 1, "change_message": "[{\"added\": {}}]"}}, {"model": "admin.logentry", "pk": 9, "fields": {"action_time": "2025-07-18T09:14:50.853Z", "user": 2, "content_type": 2, "object_id": "4", "object_repr": "React.js", "action_flag": 1, "change_message": "[{\"added\": {}}]"}}, {"model": "admin.logentry", "pk": 10, "fields": {"action_time": "2025-07-18T09:15:12.627Z", "user": 2, "content_type": 3, "object_id": "1", "object_repr": "What is the full form of HTML?", "action_flag": 1, "change_message": "[{\"added\": {}}]"}}, {"model": "admin.logentry", "pk": 11, "fields": {"action_time": "2025-07-18T09:15:25.059Z", "user": 2, "content_type": 3, "object_id": "2", "object_repr": "Which tag is used to create a hyperlink in HTML?", "action_flag": 1, "change_message": "[{\"added\": {}}]"}}, {"model": "admin.logentry", "pk": 12, "fields": {"action_time": "2025-07-18T09:15:46.157Z", "user": 2, "content_type": 3, "object_id": "3", "object_repr": "What does the <!DOCTYPE html> declaration do?", "action_flag": 1, "change_message": "[{\"added\": {}}]"}}, {"model": "admin.logentry", "pk": 13, "fields": {"action_time": "2025-07-18T09:18:18.362Z", "user": 2, "content_type": 3, "object_id": "4", "object_repr": "Which of the following is a correct characteristic of HTML?", "action_flag": 1, "change_message": "[{\"added\": {}}]"}}, {"model": "admin.logentry", "pk": 14, "fields": {"action_time": "2025-07-18T09:18:48.917Z", "user": 2, "content_type": 3, "object_id": "5", "object_repr": "Which tag is used to display an image in HTML?", "action_flag": 1, "change_message": "[{\"added\": {}}]"}}, {"model": "admin.logentry", "pk": 15, "fields": {"action_time": "2025-07-18T09:19:01.296Z", "user": 2, "content_type": 4, "object_id": "1", "object_repr": "Hyper talk mark lang", "action_flag": 1, "change_message": "[{\"added\": {}}]"}}, {"model": "admin.logentry", "pk": 16, "fields": {"action_time": "2025-07-18T09:19:07.734Z", "user": 2, "content_type": 4, "object_id": "2", "object_repr": "Hyper text markup language", "action_flag": 1, "change_message": "[{\"added\": {}}]"}}, {"model": "admin.logentry", "pk": 17, "fields": {"action_time": "2025-07-18T09:19:13.862Z", "user": 2, "content_type": 4, "object_id": "3", "object_repr": "Hyper marking languages", "action_flag": 1, "change_message": "[{\"added\": {}}]"}}, {"model": "admin.logentry", "pk": 18, "fields": {"action_time": "2025-07-18T09:19:20.173Z", "user": 2, "content_type": 4, "object_id": "4", "object_repr": "<table>", "action_flag": 1, "change_message": "[{\"added\": {}}]"}}, {"model": "admin.logentry", "pk": 19, "fields": {"action_time": "2025-07-18T09:19:27.599Z", "user": 2, "content_type": 4, "object_id": "5", "object_repr": "<a>", "action_flag": 1, "change_message": "[{\"added\": {}}]"}}, {"model": "admin.logentry", "pk": 20, "fields": {"action_time": "2025-07-18T09:19:41.005Z", "user": 2, "content_type": 4, "object_id": "6", "object_repr": "<h1>", "action_flag": 1, "change_message": "[{\"added\": {}}]"}}, {"model": "admin.logentry", "pk": 21, "fields": {"action_time": "2025-07-18T09:22:03.351Z", "user": 2, "content_type": 4, "object_id": "7", "object_repr": "It links the HTML file to a CSS file", "action_flag": 1, "change_message": "[{\"added\": {}}]"}}, {"model": "admin.logentry", "pk": 22, "fields": {"action_time": "2025-07-18T09:22:20.252Z", "user": 2, "content_type": 4, "object_id": "8", "object_repr": "It tells the browser to use the latest version of HTML", "action_flag": 1, "change_message": "[{\"added\": {}}]"}}, {"model": "admin.logentry", "pk": 23, "fields": {"action_time": "2025-07-18T09:22:34.872Z", "user": 2, "content_type": 4, "object_id": "9", "object_repr": "It adds metadata to the HTML document", "action_flag": 1, "change_message": "[{\"added\": {}}]"}}, {"model": "admin.logentry", "pk": 24, "fields": {"action_time": "2025-07-18T09:22:57.819Z", "user": 2, "content_type": 4, "object_id": "10", "object_repr": "It is a programming language", "action_flag": 1, "change_message": "[{\"added\": {}}]"}}, {"model": "admin.logentry", "pk": 25, "fields": {"action_time": "2025-07-18T09:23:17.511Z", "user": 2, "content_type": 4, "object_id": "11", "object_repr": "It is case sensitive", "action_flag": 1, "change_message": "[{\"added\": {}}]"}}, {"model": "admin.logentry", "pk": 26, "fields": {"action_time": "2025-07-18T09:23:31.319Z", "user": 2, "content_type": 4, "object_id": "12", "object_repr": "It uses tags to define elements", "action_flag": 1, "change_message": "[{\"added\": {}}]"}}, {"model": "admin.logentry", "pk": 27, "fields": {"action_time": "2025-07-18T09:23:45.408Z", "user": 2, "content_type": 4, "object_id": "13", "object_repr": "<img>", "action_flag": 1, "change_message": "[{\"added\": {}}]"}}, {"model": "admin.logentry", "pk": 28, "fields": {"action_time": "2025-07-18T09:23:53.803Z", "user": 2, "content_type": 4, "object_id": "14", "object_repr": "<ul>", "action_flag": 1, "change_message": "[{\"added\": {}}]"}}, {"model": "admin.logentry", "pk": 29, "fields": {"action_time": "2025-07-18T09:24:00.768Z", "user": 2, "content_type": 4, "object_id": "15", "object_repr": "<td>", "action_flag": 1, "change_message": "[{\"added\": {}}]"}}, {"model": "admin.logentry", "pk": 30, "fields": {"action_time": "2025-07-18T09:24:21.145Z", "user": 2, "content_type": 3, "object_id": "6", "object_repr": "What does CSS stand for?", "action_flag": 1, "change_message": "[{\"added\": {}}]"}}, {"model": "admin.logentry", "pk": 31, "fields": {"action_time": "2025-07-18T09:24:35.089Z", "user": 2, "content_type": 3, "object_id": "7", "object_repr": "Creative Style Sheets", "action_flag": 1, "change_message": "[{\"added\": {}}]"}}, {"model": "admin.logentry", "pk": 32, "fields": {"action_time": "2025-07-18T09:25:01.557Z", "user": 2, "content_type": 3, "object_id": "7", "object_repr": "Creative Style Sheets", "action_flag": 3, "change_message": ""}}, {"model": "admin.logentry", "pk": 33, "fields": {"action_time": "2025-07-18T09:25:17.295Z", "user": 2, "content_type": 3, "object_id": "8", "object_repr": "What is the purpose of CSS?", "action_flag": 1, "change_message": "[{\"added\": {}}]"}}, {"model": "admin.logentry", "pk": 34, "fields": {"action_time": "2025-07-18T09:25:29.979Z", "user": 2, "content_type": 3, "object_id": "9", "object_repr": "How can you apply CSS to a web page?", "action_flag": 1, "change_message": "[{\"added\": {}}]"}}, {"model": "admin.logentry", "pk": 35, "fields": {"action_time": "2025-07-18T09:25:39.685Z", "user": 2, "content_type": 3, "object_id": "10", "object_repr": "Which symbol is used to select a class in CSS?", "action_flag": 1, "change_message": "[{\"added\": {}}]"}}, {"model": "admin.logentry", "pk": 36, "fields": {"action_time": "2025-07-18T09:25:48.762Z", "user": 2, "content_type": 3, "object_id": "11", "object_repr": "What is the correct way to change the text color of an element in CSS?", "action_flag": 1, "change_message": "[{\"added\": {}}]"}}, {"model": "admin.logentry", "pk": 37, "fields": {"action_time": "2025-07-18T09:26:03.971Z", "user": 2, "content_type": 4, "object_id": "16", "object_repr": "Casecading Style sheet", "action_flag": 1, "change_message": "[{\"added\": {}}]"}}, {"model": "admin.logentry", "pk": 38, "fields": {"action_time": "2025-07-18T09:26:17.981Z", "user": 2, "content_type": 4, "object_id": "17", "object_repr": "Creative Style Sheets", "action_flag": 1, "change_message": "[{\"added\": {}}]"}}, {"model": "admin.logentry", "pk": 39, "fields": {"action_time": "2025-07-18T09:26:31.902Z", "user": 2, "content_type": 4, "object_id": "18", "object_repr": "Colorful Style Syntax", "action_flag": 1, "change_message": "[{\"added\": {}}]"}}, {"model": "admin.logentry", "pk": 40, "fields": {"action_time": "2025-07-18T09:26:59.966Z", "user": 2, "content_type": 4, "object_id": "19", "object_repr": "To create database connections", "action_flag": 1, "change_message": "[{\"added\": {}}]"}}, {"model": "admin.logentry", "pk": 41, "fields": {"action_time": "2025-07-18T09:27:15.136Z", "user": 2, "content_type": 4, "object_id": "20", "object_repr": "To style and layout HTML elements", "action_flag": 1, "change_message": "[{\"added\": {}}]"}}, {"model": "admin.logentry", "pk": 42, "fields": {"action_time": "2025-07-18T09:27:50.605Z", "user": 2, "content_type": 4, "object_id": "20", "object_repr": "To style and layout HTML elements", "action_flag": 2, "change_message": "[{\"changed\": {\"fields\": [\"Is correct\"]}}]"}}, {"model": "admin.logentry", "pk": 43, "fields": {"action_time": "2025-07-18T09:28:37.935Z", "user": 2, "content_type": 4, "object_id": "21", "object_repr": "To handle user input", "action_flag": 1, "change_message": "[{\"added\": {}}]"}}, {"model": "admin.logentry", "pk": 44, "fields": {"action_time": "2025-07-18T09:28:52.663Z", "user": 2, "content_type": 4, "object_id": "22", "object_repr": "Only by writing inside the HTML file", "action_flag": 1, "change_message": "[{\"added\": {}}]"}}, {"model": "admin.logentry", "pk": 45, "fields": {"action_time": "2025-07-18T09:29:05.517Z", "user": 2, "content_type": 4, "object_id": "23", "object_repr": "Using internal, external, or inline styles", "action_flag": 1, "change_message": "[{\"added\": {}}]"}}, {"model": "admin.logentry", "pk": 46, "fields": {"action_time": "2025-07-18T09:29:15.319Z", "user": 2, "content_type": 4, "object_id": "24", "object_repr": "Only by using an external file", "action_flag": 1, "change_message": "[{\"added\": {}}]"}}, {"model": "admin.logentry", "pk": 47, "fields": {"action_time": "2025-07-18T09:29:24.862Z", "user": 2, "content_type": 4, "object_id": "25", "object_repr": "#", "action_flag": 1, "change_message": "[{\"added\": {}}]"}}, {"model": "admin.logentry", "pk": 48, "fields": {"action_time": "2025-07-18T09:29:29.674Z", "user": 2, "content_type": 4, "object_id": "26", "object_repr": "@", "action_flag": 1, "change_message": "[{\"added\": {}}]"}}, {"model": "admin.logentry", "pk": 49, "fields": {"action_time": "2025-07-18T09:29:34.370Z", "user": 2, "content_type": 4, "object_id": "27", "object_repr": ".", "action_flag": 1, "change_message": "[{\"added\": {}}]"}}, {"model": "admin.logentry", "pk": 50, "fields": {"action_time": "2025-07-18T09:29:49.551Z", "user": 2, "content_type": 4, "object_id": "28", "object_repr": "text-color: red;", "action_flag": 1, "change_message": "[{\"added\": {}}]"}}, {"model": "admin.logentry", "pk": 51, "fields": {"action_time": "2025-07-18T09:30:01.929Z", "user": 2, "content_type": 4, "object_id": "29", "object_repr": "font-color: red;", "action_flag": 1, "change_message": "[{\"added\": {}}]"}}, {"model": "admin.logentry", "pk": 52, "fields": {"action_time": "2025-07-18T09:30:15.851Z", "user": 2, "content_type": 4, "object_id": "30", "object_repr": "color: red;", "action_flag": 1, "change_message": "[{\"added\": {}}]"}}, {"model": "admin.logentry", "pk": 53, "fields": {"action_time": "2025-07-18T10:01:08.426Z", "user": 2, "content_type": 4, "object_id": "27", "object_repr": ".", "action_flag": 2, "change_message": "[{\"changed\": {\"fields\": [\"Is correct\"]}}]"}}, {"model": "admin.logentry", "pk": 54, "fields": {"action_time": "2025-07-19T05:55:17.875Z", "user": 2, "content_type": 3, "object_id": "12", "object_repr": "What is Django?", "action_flag": 1, "change_message": "[{\"added\": {}}]"}}, {"model": "admin.logentry", "pk": 55, "fields": {"action_time": "2025-07-19T05:55:29.157Z", "user": 2, "content_type": 3, "object_id": "13", "object_repr": "Which file contains the settings for a Django project?", "action_flag": 1, "change_message": "[{\"added\": {}}]"}}, {"model": "admin.logentry", "pk": 56, "fields": {"action_time": "2025-07-19T05:55:39.499Z", "user": 2, "content_type": 3, "object_id": "14", "object_repr": "What is the purpose of models.py in Django?", "action_flag": 1, "change_message": "[{\"added\": {}}]"}}, {"model": "admin.logentry", "pk": 57, "fields": {"action_time": "2025-07-19T05:55:50.205Z", "user": 2, "content_type": 3, "object_id": "15", "object_repr": "Which command is used to create a new Django project?", "action_flag": 1, "change_message": "[{\"added\": {}}]"}}, {"model": "admin.logentry", "pk": 58, "fields": {"action_time": "2025-07-19T05:56:04.318Z", "user": 2, "content_type": 3, "object_id": "16", "object_repr": "What does makemigrations do?", "action_flag": 1, "change_message": "[{\"added\": {}}]"}}, {"model": "admin.logentry", "pk": 59, "fields": {"action_time": "2025-07-19T05:56:24.354Z", "user": 2, "content_type": 4, "object_id": "31", "object_repr": "A database", "action_flag": 1, "change_message": "[{\"added\": {}}]"}}, {"model": "admin.logentry", "pk": 60, "fields": {"action_time": "2025-07-19T05:56:38.699Z", "user": 2, "content_type": 4, "object_id": "32", "object_repr": "A programming language", "action_flag": 1, "change_message": "[{\"added\": {}}]"}}, {"model": "admin.logentry", "pk": 61, "fields": {"action_time": "2025-07-19T05:56:54.943Z", "user": 2, "content_type": 4, "object_id": "33", "object_repr": "A web framework for Python", "action_flag": 1, "change_message": "[{\"added\": {}}]"}}, {"model": "admin.logentry", "pk": 62, "fields": {"action_time": "2025-07-19T05:57:20.110Z", "user": 2, "content_type": 4, "object_id": "34", "object_repr": "settings.py", "action_flag": 1, "change_message": "[{\"added\": {}}]"}}, {"model": "admin.logentry", "pk": 63, "fields": {"action_time": "2025-07-19T05:57:55.379Z", "user": 2, "content_type": 4, "object_id": "35", "object_repr": "urls.py", "action_flag": 1, "change_message": "[{\"added\": {}}]"}}, {"model": "admin.logentry", "pk": 64, "fields": {"action_time": "2025-07-19T05:58:01.949Z", "user": 2, "content_type": 4, "object_id": "36", "object_repr": "model", "action_flag": 1, "change_message": "[{\"added\": {}}]"}}, {"model": "admin.logentry", "pk": 65, "fields": {"action_time": "2025-07-19T05:58:09.067Z", "user": 2, "content_type": 4, "object_id": "36", "object_repr": "models.py", "action_flag": 2, "change_message": "[{\"changed\": {\"fields\": [\"Answer text\"]}}]"}}, {"model": "admin.logentry", "pk": 66, "fields": {"action_time": "2025-07-19T05:58:23.277Z", "user": 2, "content_type": 4, "object_id": "37", "object_repr": "To define HTML pages", "action_flag": 1, "change_message": "[{\"added\": {}}]"}}, {"model": "admin.logentry", "pk": 67, "fields": {"action_time": "2025-07-19T05:58:41.084Z", "user": 2, "content_type": 4, "object_id": "38", "object_repr": "To define database structure", "action_flag": 1, "change_message": "[{\"added\": {}}]"}}, {"model": "admin.logentry", "pk": 68, "fields": {"action_time": "2025-07-19T05:58:57.410Z", "user": 2, "content_type": 4, "object_id": "39", "object_repr": "To handle static files", "action_flag": 1, "change_message": "[{\"added\": {}}]"}}, {"model": "admin.logentry", "pk": 69, "fields": {"action_time": "2025-07-19T05:59:03.775Z", "user": 2, "content_type": 4, "object_id": "38", "object_repr": "To define database structure", "action_flag": 2, "change_message": "[{\"changed\": {\"fields\": [\"Is correct\"]}}]"}}, {"model": "admin.logentry", "pk": 70, "fields": {"action_time": "2025-07-19T05:59:30.452Z", "user": 2, "content_type": 4, "object_id": "40", "object_repr": "django-admin startapp", "action_flag": 1, "change_message": "[{\"added\": {}}]"}}, {"model": "admin.logentry", "pk": 71, "fields": {"action_time": "2025-07-19T05:59:48.391Z", "user": 2, "content_type": 4, "object_id": "41", "object_repr": "django-admin startproject", "action_flag": 1, "change_message": "[{\"added\": {}}]"}}, {"model": "admin.logentry", "pk": 72, "fields": {"action_time": "2025-07-19T06:00:02.274Z", "user": 2, "content_type": 4, "object_id": "42", "object_repr": "python manage.py migrate", "action_flag": 1, "change_message": "[{\"added\": {}}]"}}, {"model": "admin.logentry", "pk": 73, "fields": {"action_time": "2025-07-19T06:00:19.886Z", "user": 2, "content_type": 4, "object_id": "43", "object_repr": "Applies migrations to the database", "action_flag": 1, "change_message": "[{\"added\": {}}]"}}, {"model": "admin.logentry", "pk": 74, "fields": {"action_time": "2025-07-19T06:00:39.874Z", "user": 2, "content_type": 4, "object_id": "44", "object_repr": "Creates new migrations based on model changes", "action_flag": 1, "change_message": "[{\"added\": {}}]"}}, {"model": "admin.logentry", "pk": 75, "fields": {"action_time": "2025-07-19T06:00:52.188Z", "user": 2, "content_type": 4, "object_id": "45", "object_repr": "Deletes all migrations", "action_flag": 1, "change_message": "[{\"added\": {}}]"}}, {"model": "admin.logentry", "pk": 76, "fields": {"action_time": "2025-07-19T06:01:27.138Z", "user": 2, "content_type": 3, "object_id": "17", "object_repr": "What is React?", "action_flag": 1, "change_message": "[{\"added\": {}}]"}}, {"model": "admin.logentry", "pk": 77, "fields": {"action_time": "2025-07-19T06:01:40.990Z", "user": 2, "content_type": 3, "object_id": "18", "object_repr": "Who developed React?", "action_flag": 1, "change_message": "[{\"added\": {}}]"}}, {"model": "admin.logentry", "pk": 78, "fields": {"action_time": "2025-07-19T06:01:50.807Z", "user": 2, "content_type": 3, "object_id": "19", "object_repr": "What is a component in React?", "action_flag": 1, "change_message": "[{\"added\": {}}]"}}, {"model": "admin.logentry", "pk": 79, "fields": {"action_time": "2025-07-19T06:02:01.316Z", "user": 2, "content_type": 3, "object_id": "20", "object_repr": "How do you create a function component in React?", "action_flag": 1, "change_message": "[{\"added\": {}}]"}}, {"model": "admin.logentry", "pk": 80, "fields": {"action_time": "2025-07-19T06:02:11.403Z", "user": 2, "content_type": 3, "object_id": "21", "object_repr": "Which hook is used to manage state in a function component?", "action_flag": 1, "change_message": "[{\"added\": {}}]"}}, {"model": "admin.logentry", "pk": 81, "fields": {"action_time": "2025-07-19T06:02:31.452Z", "user": 2, "content_type": 4, "object_id": "46", "object_repr": "A JavaScript library for building user interfaces", "action_flag": 1, "change_message": "[{\"added\": {}}]"}}, {"model": "admin.logentry", "pk": 82, "fields": {"action_time": "2025-07-19T06:02:46.989Z", "user": 2, "content_type": 4, "object_id": "47", "object_repr": "A CSS framework", "action_flag": 1, "change_message": "[{\"added\": {}}]"}}, {"model": "admin.logentry", "pk": 83, "fields": {"action_time": "2025-07-19T06:03:00.556Z", "user": 2, "content_type": 4, "object_id": "48", "object_repr": "A backend framework", "action_flag": 1, "change_message": "[{\"added\": {}}]"}}, {"model": "admin.logentry", "pk": 84, "fields": {"action_time": "2025-07-19T06:03:09.308Z", "user": 2, "content_type": 4, "object_id": "49", "object_repr": "Google", "action_flag": 1, "change_message": "[{\"added\": {}}]"}}, {"model": "admin.logentry", "pk": 85, "fields": {"action_time": "2025-07-19T06:03:17.459Z", "user": 2, "content_type": 4, "object_id": "50", "object_repr": "Facebook", "action_flag": 1, "change_message": "[{\"added\": {}}]"}}, {"model": "admin.logentry", "pk": 86, "fields": {"action_time": "2025-07-19T06:03:29.938Z", "user": 2, "content_type": 4, "object_id": "51", "object_repr": "Microsoft", "action_flag": 1, "change_message": "[{\"added\": {}}]"}}, {"model": "admin.logentry", "pk": 87, "fields": {"action_time": "2025-07-19T06:03:47.425Z", "user": 2, "content_type": 4, "object_id": "52", "object_repr": "A reusable piece of UI", "action_flag": 1, "change_message": "[{\"added\": {}}]"}}, {"model": "admin.logentry", "pk": 88, "fields": {"action_time": "2025-07-19T06:03:59.460Z", "user": 2, "content_type": 4, "object_id": "53", "object_repr": "A database", "action_flag": 1, "change_message": "[{\"added\": {}}]"}}, {"model": "admin.logentry", "pk": 89, "fields": {"action_time": "2025-07-19T06:04:07.311Z", "user": 2, "content_type": 4, "object_id": "54", "object_repr": "A server", "action_flag": 1, "change_message": "[{\"added\": {}}]"}}, {"model": "admin.logentry", "pk": 90, "fields": {"action_time": "2025-07-19T06:04:23.546Z", "user": 2, "content_type": 4, "object_id": "55", "object_repr": "function MyComponent() { return <h1>Hello</h1>; }", "action_flag": 1, "change_message": "[{\"added\": {}}]"}}, {"model": "admin.logentry", "pk": 91, "fields": {"action_time": "2025-07-19T06:04:41.015Z", "user": 2, "content_type": 4, "object_id": "56", "object_repr": "component MyComponent() {}", "action_flag": 1, "change_message": "[{\"added\": {}}]"}}, {"model": "admin.logentry", "pk": 92, "fields": {"action_time": "2025-07-19T06:04:53.539Z", "user": 2, "content_type": 4, "object_id": "57", "object_repr": "React.createComponent()", "action_flag": 1, "change_message": "[{\"added\": {}}]"}}, {"model": "admin.logentry", "pk": 93, "fields": {"action_time": "2025-07-19T06:05:10.753Z", "user": 2, "content_type": 4, "object_id": "58", "object_repr": "useProps()", "action_flag": 1, "change_message": "[{\"added\": {}}]"}}, {"model": "admin.logentry", "pk": 94, "fields": {"action_time": "2025-07-19T06:05:24.727Z", "user": 2, "content_type": 4, "object_id": "59", "object_repr": "useClass()", "action_flag": 1, "change_message": "[{\"added\": {}}]"}}, {"model": "admin.logentry", "pk": 95, "fields": {"action_time": "2025-07-19T06:05:36.871Z", "user": 2, "content_type": 4, "object_id": "60", "object_repr": "useState()", "action_flag": 1, "change_message": "[{\"added\": {}}]"}}, {"model": "admin.logentry", "pk": 96, "fields": {"action_time": "2025-07-19T06:05:43.639Z", "user": 2, "content_type": 4, "object_id": "55", "object_repr": "function MyComponent() { return <h1>Hello</h1>; }", "action_flag": 2, "change_message": "[{\"changed\": {\"fields\": [\"Is correct\"]}}]"}}, {"model": "admin.logentry", "pk": 97, "fields": {"action_time": "2025-08-04T16:11:55.437Z", "user": 2, "content_type": 1, "object_id": "5", "object_repr": "SQL", "action_flag": 1, "change_message": "[{\"added\": {}}]"}}, {"model": "admin.logentry", "pk": 98, "fields": {"action_time": "2025-08-04T16:12:21.432Z", "user": 2, "content_type": 1, "object_id": "6", "object_repr": "Git and GitHub", "action_flag": 1, "change_message": "[{\"added\": {}}]"}}, {"model": "admin.logentry", "pk": 99, "fields": {"action_time": "2025-08-04T16:14:52.336Z", "user": 2, "content_type": 2, "object_id": "5", "object_repr": "Introduction to SQL", "action_flag": 1, "change_message": "[{\"added\": {}}]"}}, {"model": "admin.logentry", "pk": 100, "fields": {"action_time": "2025-08-04T16:15:31.194Z", "user": 2, "content_type": 3, "object_id": "22", "object_repr": "Which SQL statement is used to retrieve data from a table?", "action_flag": 1, "change_message": "[{\"added\": {}}]"}}, {"model": "admin.logentry", "pk": 101, "fields": {"action_time": "2025-08-04T16:15:45.840Z", "user": 2, "content_type": 3, "object_id": "23", "object_repr": "What does the WHERE clause do in a SQL query?", "action_flag": 1, "change_message": "[{\"added\": {}}]"}}, {"model": "admin.logentry", "pk": 102, "fields": {"action_time": "2025-08-04T16:16:00.532Z", "user": 2, "content_type": 3, "object_id": "24", "object_repr": "Which keyword removes duplicate rows in the result set?", "action_flag": 1, "change_message": "[{\"added\": {}}]"}}, {"model": "admin.logentry", "pk": 103, "fields": {"action_time": "2025-08-04T16:16:14.015Z", "user": 2, "content_type": 3, "object_id": "25", "object_repr": "How do you sort the results in ascending order?", "action_flag": 1, "change_message": "[{\"added\": {}}]"}}, {"model": "admin.logentry", "pk": 104, "fields": {"action_time": "2025-08-04T16:16:24.423Z", "user": 2, "content_type": 3, "object_id": "26", "object_repr": "Which SQL command is used to insert new data into a table?", "action_flag": 1, "change_message": "[{\"added\": {}}]"}}, {"model": "admin.logentry", "pk": 105, "fields": {"action_time": "2025-08-04T16:17:43.439Z", "user": 2, "content_type": 4, "object_id": "61", "object_repr": "SELECT", "action_flag": 1, "change_message": "[{\"added\": {}}]"}}, {"model": "admin.logentry", "pk": 106, "fields": {"action_time": "2025-08-04T16:17:57.070Z", "user": 2, "content_type": 4, "object_id": "62", "object_repr": "FETCH", "action_flag": 1, "change_message": "[{\"added\": {}}]"}}, {"model": "admin.logentry", "pk": 107, "fields": {"action_time": "2025-08-04T16:18:06.453Z", "user": 2, "content_type": 4, "object_id": "63", "object_repr": "GET", "action_flag": 1, "change_message": "[{\"added\": {}}]"}}, {"model": "admin.logentry", "pk": 108, "fields": {"action_time": "2025-08-04T16:18:24.190Z", "user": 2, "content_type": 4, "object_id": "64", "object_repr": "Joins two tables", "action_flag": 1, "change_message": "[{\"added\": {}}]"}}, {"model": "admin.logentry", "pk": 109, "fields": {"action_time": "2025-08-04T16:18:41.025Z", "user": 2, "content_type": 4, "object_id": "65", "object_repr": "Filters the rows returned", "action_flag": 1, "change_message": "[{\"added\": {}}]"}}, {"model": "admin.logentry", "pk": 110, "fields": {"action_time": "2025-08-04T16:18:56.288Z", "user": 2, "content_type": 4, "object_id": "66", "object_repr": "Sorts the results", "action_flag": 1, "change_message": "[{\"added\": {}}]"}}, {"model": "admin.logentry", "pk": 111, "fields": {"action_time": "2025-08-04T16:19:08.101Z", "user": 2, "content_type": 4, "object_id": "67", "object_repr": "DISTINCT", "action_flag": 1, "change_message": "[{\"added\": {}}]"}}, {"model": "admin.logentry", "pk": 112, "fields": {"action_time": "2025-08-04T16:19:19.666Z", "user": 2, "content_type": 4, "object_id": "68", "object_repr": "UNIQUE", "action_flag": 1, "change_message": "[{\"added\": {}}]"}}, {"model": "admin.logentry", "pk": 113, "fields": {"action_time": "2025-08-04T16:19:34.572Z", "user": 2, "content_type": 4, "object_id": "69", "object_repr": "DELETE", "action_flag": 1, "change_message": "[{\"added\": {}}]"}}, {"model": "admin.logentry", "pk": 114, "fields": {"action_time": "2025-08-04T16:19:46.060Z", "user": 2, "content_type": 4, "object_id": "70", "object_repr": "SORT column_name", "action_flag": 1, "change_message": "[{\"added\": {}}]"}}, {"model": "admin.logentry", "pk": 115, "fields": {"action_time": "2025-08-04T16:19:58.990Z", "user": 2, "content_type": 4, "object_id": "71", "object_repr": "ORDER BY column_name ASC", "action_flag": 1, "change_message": "[{\"added\": {}}]"}}, {"model": "admin.logentry", "pk": 116, "fields": {"action_time": "2025-08-04T16:20:31.607Z", "user": 2, "content_type": 4, "object_id": "72", "object_repr": "ORDER column_name", "action_flag": 1, "change_message": "[{\"added\": {}}]"}}, {"model": "admin.logentry", "pk": 117, "fields": {"action_time": "2025-08-04T16:20:52.493Z", "user": 2, "content_type": 4, "object_id": "73", "object_repr": "INSERT INTO", "action_flag": 1, "change_message": "[{\"added\": {}}]"}}, {"model": "admin.logentry", "pk": 118, "fields": {"action_time": "2025-08-04T16:21:02.320Z", "user": 2, "content_type": 4, "object_id": "74", "object_repr": "ADD DATA", "action_flag": 1, "change_message": "[{\"added\": {}}]"}}, {"model": "admin.logentry", "pk": 119, "fields": {"action_time": "2025-08-04T16:21:11.383Z", "user": 2, "content_type": 4, "object_id": "75", "object_repr": "CREATE ROW", "action_flag": 1, "change_message": "[{\"added\": {}}]"}}, {"model": "admin.logentry", "pk": 120, "fields": {"action_time": "2025-08-04T16:22:05.294Z", "user": 2, "content_type": 1, "object_id": "7", "object_repr": "Git", "action_flag": 1, "change_message": "[{\"added\": {}}]"}}, {"model": "admin.logentry", "pk": 121, "fields": {"action_time": "2025-08-04T16:22:34.709Z", "user": 2, "content_type": 2, "object_id": "6", "object_repr": "Git and GitHub", "action_flag": 1, "change_message": "[{\"added\": {}}]"}}, {"model": "admin.logentry", "pk": 122, "fields": {"action_time": "2025-08-04T16:23:07.823Z", "user": 2, "content_type": 3, "object_id": "27", "object_repr": "Which command initializes a new Git repository?", "action_flag": 1, "change_message": "[{\"added\": {}}]"}}, {"model": "admin.logentry", "pk": 123, "fields": {"action_time": "2025-08-04T16:23:17.695Z", "user": 2, "content_type": 3, "object_id": "28", "object_repr": "Which command stages files for commit?", "action_flag": 1, "change_message": "[{\"added\": {}}]"}}, {"model": "admin.logentry", "pk": 124, "fields": {"action_time": "2025-08-04T16:23:28.151Z", "user": 2, "content_type": 3, "object_id": "29", "object_repr": "What does git commit -m \"message\" do?", "action_flag": 1, "change_message": "[{\"added\": {}}]"}}, {"model": "admin.logentry", "pk": 125, "fields": {"action_time": "2025-08-04T16:23:39.158Z", "user": 2, "content_type": 3, "object_id": "30", "object_repr": "Which file should you use to ignore files in a Git project?", "action_flag": 1, "change_message": "[{\"added\": {}}]"}}, {"model": "admin.logentry", "pk": 126, "fields": {"action_time": "2025-08-04T16:23:50.361Z", "user": 2, "content_type": 3, "object_id": "31", "object_repr": "Which command uploads local changes to GitHub?", "action_flag": 1, "change_message": "[{\"added\": {}}]"}}, {"model": "admin.logentry", "pk": 127, "fields": {"action_time": "2025-08-04T16:24:09.384Z", "user": 2, "content_type": 4, "object_id": "76", "object_repr": "git start", "action_flag": 1, "change_message": "[{\"added\": {}}]"}}, {"model": "admin.logentry", "pk": 128, "fields": {"action_time": "2025-08-04T16:24:27.173Z", "user": 2, "content_type": 4, "object_id": "77", "object_repr": "git new", "action_flag": 1, "change_message": "[{\"added\": {}}]"}}, {"model": "admin.logentry", "pk": 129, "fields": {"action_time": "2025-08-04T16:24:39.792Z", "user": 2, "content_type": 4, "object_id": "78", "object_repr": "git init", "action_flag": 1, "change_message": "[{\"added\": {}}]"}}, {"model": "admin.logentry", "pk": 130, "fields": {"action_time": "2025-08-04T16:24:59.352Z", "user": 2, "content_type": 4, "object_id": "79", "object_repr": "git add", "action_flag": 1, "change_message": "[{\"added\": {}}]"}}, {"model": "admin.logentry", "pk": 131, "fields": {"action_time": "2025-08-04T16:25:13.254Z", "user": 2, "content_type": 4, "object_id": "80", "object_repr": "git stage", "action_flag": 1, "change_message": "[{\"added\": {}}]"}}, {"model": "admin.logentry", "pk": 132, "fields": {"action_time": "2025-08-04T16:25:56.569Z", "user": 2, "content_type": 4, "object_id": "81", "object_repr": "git status", "action_flag": 1, "change_message": "[{\"added\": {}}]"}}, {"model": "admin.logentry", "pk": 133, "fields": {"action_time": "2025-08-04T16:26:11.828Z", "user": 2, "content_type": 4, "object_id": "82", "object_repr": "Commits changes with a message", "action_flag": 1, "change_message": "[{\"added\": {}}]"}}, {"model": "admin.logentry", "pk": 134, "fields": {"action_time": "2025-08-04T16:26:21.589Z", "user": 2, "content_type": 4, "object_id": "83", "object_repr": "Pulls code from GitHub", "action_flag": 1, "change_message": "[{\"added\": {}}]"}}, {"model": "admin.logentry", "pk": 135, "fields": {"action_time": "2025-08-04T16:26:33.196Z", "user": 2, "content_type": 4, "object_id": "84", "object_repr": "Deletes changes", "action_flag": 1, "change_message": "[{\"added\": {}}]"}}, {"model": "admin.logentry", "pk": 136, "fields": {"action_time": "2025-08-04T16:26:47.907Z", "user": 2, "content_type": 4, "object_id": "85", "object_repr": "nogit.txt", "action_flag": 1, "change_message": "[{\"added\": {}}]"}}, {"model": "admin.logentry", "pk": 137, "fields": {"action_time": "2025-08-04T16:26:57.295Z", "user": 2, "content_type": 4, "object_id": "86", "object_repr": "ignore.txt", "action_flag": 1, "change_message": "[{\"added\": {}}]"}}, {"model": "admin.logentry", "pk": 138, "fields": {"action_time": "2025-08-04T16:27:10.189Z", "user": 2, "content_type": 4, "object_id": "87", "object_repr": ".gitignore", "action_flag": 1, "change_message": "[{\"added\": {}}]"}}, {"model": "admin.logentry", "pk": 139, "fields": {"action_time": "2025-08-04T16:27:27.152Z", "user": 2, "content_type": 4, "object_id": "88", "object_repr": "git push", "action_flag": 1, "change_message": "[{\"added\": {}}]"}}, {"model": "admin.logentry", "pk": 140, "fields": {"action_time": "2025-08-04T16:27:35.958Z", "user": 2, "content_type": 4, "object_id": "89", "object_repr": "git sync", "action_flag": 1, "change_message": "[{\"added\": {}}]"}}, {"model": "admin.logentry", "pk": 141, "fields": {"action_time": "2025-08-04T16:27:47.278Z", "user": 2, "content_type": 4, "object_id": "90", "object_repr": "git upload", "action_flag": 1, "change_message": "[{\"added\": {}}]"}}, {"model": "auth.permission", "pk": 1, "fields": {"name": "Can add category", "content_type": 1, "codename": "add_category"}}, {"model": "auth.permission", "pk": 2, "fields": {"name": "Can change category", "content_type": 1, "codename": "change_category"}}, {"model": "auth.permission", "pk": 3, "fields": {"name": "Can delete category", "content_type": 1, "codename": "delete_category"}}, {"model": "auth.permission", "pk": 4, "fields": {"name": "Can view category", "content_type": 1, "codename": "view_category"}}, {"model": "auth.permission", "pk": 5, "fields": {"name": "Can add quiz", "content_type": 2, "codename": "add_quiz"}}, {"model": "auth.permission", "pk": 6, "fields": {"name": "Can change quiz", "content_type": 2, "codename": "change_quiz"}}, {"model": "auth.permission", "pk": 7, "fields": {"name": "Can delete quiz", "content_type": 2, "codename": "delete_quiz"}}, {"model": "auth.permission", "pk": 8, "fields": {"name": "Can view quiz", "content_type": 2, "codename": "view_quiz"}}, {"model": "auth.permission", "pk": 9, "fields": {"name": "Can add question", "content_type": 3, "codename": "add_question"}}, {"model": "auth.permission", "pk": 10, "fields": {"name": "Can change question", "content_type": 3, "codename": "change_question"}}, {"model": "auth.permission", "pk": 11, "fields": {"name": "Can delete question", "content_type": 3, "codename": "delete_question"}}, {"model": "auth.permission", "pk": 12, "fields": {"name": "Can view question", "content_type": 3, "codename": "view_question"}}, {"model": "auth.permission", "pk": 13, "fields": {"name": "Can add answer", "content_type": 4, "codename": "add_answer"}}, {"model": "auth.permission", "pk": 14, "fields": {"name": "Can change answer", "content_type": 4, "codename": "change_answer"}}, {"model": "auth.permission", "pk": 15, "fields": {"name": "Can delete answer", "content_type": 4, "codename": "delete_answer"}}, {"model": "auth.permission", "pk": 16, "fields": {"name": "Can view answer", "content_type": 4, "codename": "view_answer"}}, {"model": "auth.permission", "pk": 17, "fields": {"name": "Can add log entry", "content_type": 5, "codename": "add_logentry"}}, {"model": "auth.permission", "pk": 18, "fields": {"name": "Can change log entry", "content_type": 5, "codename": "change_logentry"}}, {"model": "auth.permission", "pk": 19, "fields": {"name": "Can delete log entry", "content_type": 5, "codename": "delete_logentry"}}, {"model": "auth.permission", "pk": 20, "fields": {"name": "Can view log entry", "content_type": 5, "codename": "view_logentry"}}, {"model": "auth.permission", "pk": 21, "fields": {"name": "Can add permission", "content_type": 6, "codename": "add_permission"}}, {"model": "auth.permission", "pk": 22, "fields": {"name": "Can change permission", "content_type": 6, "codename": "change_permission"}}, {"model": "auth.permission", "pk": 23, "fields": {"name": "Can delete permission", "content_type": 6, "codename": "delete_permission"}}, {"model": "auth.permission", "pk": 24, "fields": {"name": "Can view permission", "content_type": 6, "codename": "view_permission"}}, {"model": "auth.permission", "pk": 25, "fields": {"name": "Can add group", "content_type": 7, "codename": "add_group"}}, {"model": "auth.permission", "pk": 26, "fields": {"name": "Can change group", "content_type": 7, "codename": "change_group"}}, {"model": "auth.permission", "pk": 27, "fields": {"name": "Can delete group", "content_type": 7, "codename": "delete_group"}}, {"model": "auth.permission", "pk": 28, "fields": {"name": "Can view group", "content_type": 7, "codename": "view_group"}}, {"model": "auth.permission", "pk": 29, "fields": {"name": "Can add user", "content_type": 8, "codename": "add_user"}}, {"model": "auth.permission", "pk": 30, "fields": {"name": "Can change user", "content_type": 8, "codename": "change_user"}}, {"model": "auth.permission", "pk": 31, "fields": {"name": "Can delete user", "content_type": 8, "codename": "delete_user"}}, {"model": "auth.permission", "pk": 32, "fields": {"name": "Can view user", "content_type": 8, "codename": "view_user"}}, {"model": "auth.permission", "pk": 33, "fields": {"name": "Can add content type", "content_type": 9, "codename": "add_contenttype"}}, {"model": "auth.permission", "pk": 34, "fields": {"name": "Can change content type", "content_type": 9, "codename": "change_contenttype"}}, {"model": "auth.permission", "pk": 35, "fields": {"name": "Can delete content type", "content_type": 9, "codename": "delete_contenttype"}}, {"model": "auth.permission", "pk": 36, "fields": {"name": "Can view content type", "content_type": 9, "codename": "view_contenttype"}}, {"model": "auth.permission", "pk": 37, "fields": {"name": "Can add session", "content_type": 10, "codename": "add_session"}}, {"model": "auth.permission", "pk": 38, "fields": {"name": "Can change session", "content_type": 10, "codename": "change_session"}}, {"model": "auth.permission", "pk": 39, "fields": {"name": "Can delete session", "content_type": 10, "codename": "delete_session"}}, {"model": "auth.permission", "pk": 40, "fields": {"name": "Can view session", "content_type": 10, "codename": "view_session"}}, {"model": "auth.user", "pk": 1, "fields": {"password": "pbkdf2_sha256$600000$vGXyAI22gDDBjqcAdpSdzS$JchmEdElt6ZDzn8Y2pilZ72Iu+iqazTHfV+QFfCzdKo=", "last_login": "2025-07-19T12:30:46.840Z", "is_superuser": false, "username": "karna", "first_name": "", "last_name": "", "email": "", "is_staff": false, "is_active": true, "date_joined": "2025-07-18T08:38:53.865Z", "groups": [], "user_permissions": []}}, {"model": "auth.user", "pk": 2, "fields": {"password": "pbkdf2_sha256$1000000$XhjC8UtLYACyZIop767fWL$GumOuQQTpWCPEAICPci9nOGBPpJozT4VDlb4KZRucok=", "last_login": "2025-08-04T16:11:45.418Z", "is_superuser": true, "username": "kavya", "first_name": "", "last_name": "", "email": "kavy123@gmail.com", "is_staff": true, "is_active": true, "date_joined": "2025-07-18T08:40:25.577Z", "groups": [], "user_permissions": []}}, {"model": "auth.user", "pk": 3, "fields": {"password": "pbkdf2_sha256$600000$t4vuJP2iKDiFZILcXKxGVo$qCXfZTIIdsNkYyrgzLZknis0g8+ibuKTb+5V7bSxdFU=", "last_login": "2025-07-19T15:39:50.886Z", "is_superuser": false, "username": "Latha", "first_name": "", "last_name": "", "email": "", "is_staff": false, "is_active": true, "date_joined": "2025-07-19T13:09:57.336Z", "groups": [], "user_permissions": []}}, {"model": "auth.user", "pk": 4, "fields": {"password": "pbkdf2_sha256$600000$VS3SE2LJ5oHeqwao8O4kBb$eYOJBjKoqc0BB7KFOKeX0WJRw+bzAATzcGPVeH5Dm7I=", "last_login": null, "is_superuser": false, "username": "Nani", "first_name": "", "last_name": "", "email": "", "is_staff": false, "is_active": true, "date_joined": "2025-07-20T05:58:21.567Z", "groups": [], "user_permissions": []}}, {"model": "auth.user", "pk": 5, "fields": {"password": "pbkdf2_sha256$1000000$Rny5GQ6YMzUR01bb9QV7j7$Mq5hMkB8Twb88HdsBS10/XGr4r2VekeZvcY5iEnbo3Y=", "last_login": "2025-07-29T10:47:57.811Z", "is_superuser": false, "username": "John", "first_name": "", "last_name": "", "email": "", "is_staff": false, "is_active": true, "date_joined": "2025-07-20T06:01:56.088Z", "groups": [], "user_permissions": []}}, {"model": "auth.user", "pk": 6, "fields": {"password": "pbkdf2_sha256$1000000$8BIJaBls2i6d9sUgrs6ueH$iIYs8Y90XYf6J+sQvos4NOrMCGtgeHReQQPMbEyH4QE=", "last_login": "2025-07-29T10:51:49.019Z", "is_superuser": false, "username": "Pushpa", "first_name": "", "last_name": "", "email": "", "is_staff": false, "is_active": true, "date_joined": "2025-07-29T10:51:38.622Z", "groups": [], "user_permissions": []}}, {"model": "auth.user", "pk": 7, "fields": {"password": "pbkdf2_sha256$1000000$dkiypfVEF5YIMnqM895f7t$EXM/C3dDnvp74uIjkaB3wm/k4L5mgTcnQi6fKgLd0qY=", "last_login": "2025-08-04T16:08:47.181Z", "is_superuser": false, "username": "Akash", "first_name": "", "last_name": "", "email": "akash123@gmail.com", "is_staff": false, "is_active": true, "date_joined": "2025-08-04T10:26:58.731Z", "groups": [], "user_permissions": []}}, {"model": "contenttypes.contenttype", "pk": 1, "fields": {"app_label": "quizapp", "model": "category"}}, {"model": "contenttypes.contenttype", "pk": 2, "fields": {"app_label": "quizapp", "model": "quiz"}}, {"model": "contenttypes.contenttype", "pk": 3, "fields": {"app_label": "quizapp", "model": "question"}}, {"model": "contenttypes.contenttype", "pk": 4, "fields": {"app_label": "quizapp", "model": "answer"}}, {"model": "contenttypes.contenttype", "pk": 5, "fields": {"app_label": "admin", "model": "logentry"}}, {"model": "contenttypes.contenttype", "pk": 6, "fields": {"app_label": "auth", "model": "permission"}}, {"model": "contenttypes.contenttype", "pk": 7, "fields": {"app_label": "auth", "model": "group"}}, {"model": "contenttypes.contenttype", "pk": 8, "fields": {"app_label": "auth", "model": "user"}}, {"model": "contenttypes.contenttype", "pk": 9, "fields": {"app_label": "contenttypes", "model": "contenttype"}}, {"model": "contenttypes.contenttype", "pk": 10, "fields": {"app_label": "sessions", "model": "session"}}, {"model": "sessions.session", "pk": "kl0d1giaqyubh70y749aqj777zuridpz", "fields": {"session_data": ".eJxVjMEOgjAQRP-lZ9OUXWiLR-98A9lttxY1JaFwMv67kHDQ22Tem3mrkbY1j1uVZZyiuiqrLr8dU3hKOUB8ULnPOsxlXSbWh6JPWvUwR3ndTvfvIFPN-5q7NqTEziMhNJ7FJNMDCyCwocanDphauweLaLBFtEjkIDroUuhFfb7k0jeQ:1ughvx:rvw9p7EDcwNXlotsvhxPceIiyOffkEPzZrwlX1tvB64", "expire_date": "2025-08-12T10:51:49.025Z"}}, {"model": "sessions.session", "pk": "lqllc4yt7b3sgj1c9ekwiis3tzfoc5lt", "fields": {"session_data": ".eJxVjM0OgjAQBt-lZ9N0gf559M4zNN-yxaIGEgon47sbEg56nZnMWyXsW0l7zWuaRF2VVZdfxhieeT6EPDDfFz0s87ZOrI9En7bqfpH8up3t36CglmNruYOJkVoZ4Z3pcpDGdD4QbIZkdg0TDIkb4RCZOESAPYmNY0tQny_mGjhP:1ufYxq:RXHP3Gz6NqaWZpnr7Y_u3BaBk2CQgsa1LgToA0SeoIg", "expire_date": "2025-08-09T07:05:02.931Z"}}, {"model": "sessions.session", "pk": "rgfr1zgwz4wmwcf7dkg3gn1b6a237zwc", "fields": {"session_data": ".eJxVjE0OwiAYRO_C2hBACv1cuvcMZPiTqoGktCvj3W2TLnQ3mfdm3sxhXYpbe5rdFNmFKXb67TzCM9UdxAfqvfHQ6jJPnu8KP2jntxbT63q4fwcFvWxrnGEkjTYKb3UgZQQZmS1JgRAp54BkyQoMScFoDaUGowC_hTFk7dnnC9ohN_k:1uixmr:G0RIbia_k5CuVRlQP2MWO3Ba4674G_l3SK4buIZFjsQ", "expire_date": "2025-08-18T16:11:45.423Z"}}]